<application>
  <component name="JupyterPersistentConnectionParameters">
    <option name="moduleParameters">
      <map>
        <entry key="$USER_HOME$/LearnNote/.idea/LearnNote.iml">
          <value>
            <JupyterConnectionParameters>
              <option name="token" value="643395fec089c3e6a8b8b6cc7395a0dbe83c7dc7c3f8e07a" />
              <option name="urlString" value="http://127.0.0.1:8889/" />
            </JupyterConnectionParameters>
          </value>
        </entry>
        <entry key="$USER_HOME$/dockerEnv/.idea/dockerEnv.iml">
          <value>
            <JupyterConnectionParameters>
              <option name="token" value="643395fec089c3e6a8b8b6cc7395a0dbe83c7dc7c3f8e07a" />
              <option name="urlString" value="http://127.0.0.1:8889/" />
            </JupyterConnectionParameters>
          </value>
        </entry>
      </map>
    </option>
  </component>
  <component name="JupyterSettings">
    <option name="autoscrollFromSource" value="false" />
    <option name="autoscrollToSource" value="false" />
  </component>
</application>