<profile version="1.0">
  <option name="myName" value="Default" />
  <inspection_tool class="PyPackageRequirementsInspection" enabled="true" level="WARNING" enabled_by_default="true">
    <option name="ignoredPackages">
      <value>
        <list size="19">
          <item index="0" class="java.lang.String" itemvalue="psycopg2" />
          <item index="1" class="java.lang.String" itemvalue="qdarkstyle" />
          <item index="2" class="java.lang.String" itemvalue="requests" />
          <item index="3" class="java.lang.String" itemvalue="websocket-client" />
          <item index="4" class="java.lang.String" itemvalue="pandas" />
          <item index="5" class="java.lang.String" itemvalue="mongoengine" />
          <item index="6" class="java.lang.String" itemvalue="pyqtgraph" />
          <item index="7" class="java.lang.String" itemvalue="seaborn" />
          <item index="8" class="java.lang.String" itemvalue="rqdatac" />
          <item index="9" class="java.lang.String" itemvalue="pymysql" />
          <item index="10" class="java.lang.String" itemvalue="futu-api" />
          <item index="11" class="java.lang.String" itemvalue="ibapi" />
          <item index="12" class="java.lang.String" itemvalue="PyQt5" />
          <item index="13" class="java.lang.String" itemvalue="pyzmq" />
          <item index="14" class="java.lang.String" itemvalue="matplotlib" />
          <item index="15" class="java.lang.String" itemvalue="peewee" />
          <item index="16" class="java.lang.String" itemvalue="tigeropen" />
          <item index="17" class="java.lang.String" itemvalue="ta-lib" />
          <item index="18" class="java.lang.String" itemvalue="deap" />
        </list>
      </value>
    </option>
  </inspection_tool>
</profile>