<toolSet name="External Tools">
  <tool name="AutoPep8" description="autopep8 your code" showInMainMenu="false" showInEditor="false" showInProject="false" showInSearchPopup="false" disabled="false" useConsole="true" showConsoleOnStdOut="true" showConsoleOnStdErr="true" synchronizeAfterRun="true">
    <exec>
      <option name="COMMAND" value="$USER_HOME$/anaconda3/lib/python3.7/site-packages/autopep8.py" />
      <option name="PARAMETERS" value="--in-place --aggressive $FilePath$" />
      <option name="WORKING_DIRECTORY" value="$ProjectFileDir$" />
    </exec>
    <filter>
      <option name="NAME" value="没有名字" />
      <option name="DESCRIPTION" />
      <option name="REGEXP" value="$FILE_PATH$\:$LINE$\:$COLUMN$\:.*" />
    </filter>
  </tool>
</toolSet>